﻿<?xml version="1.0" encoding="utf-8"?>
<DynamicsProperties>
  <DynamicPropertiesCategory Category="Engineering">
    <DynamicProperty>Title</DynamicProperty>
    <DynamicProperty>Subject</DynamicProperty>
    <DynamicProperty>Keywords</DynamicProperty>
    <DynamicProperty>Author</DynamicProperty>
    <DynamicProperty>Comments</DynamicProperty>
  </DynamicPropertiesCategory>
  <DynamicPropertiesCategory Category="Drawing AutoCAD">
    <DynamicProperty>Title</DynamicProperty>
    <DynamicProperty>Description</DynamicProperty>
    <DynamicProperty>Part Number</DynamicProperty>
    <DynamicProperty>Material</DynamicProperty>
    <DynamicProperty>Dimensions</DynamicProperty>
    <DynamicProperty>Mass</DynamicProperty>
    <DynamicProperty>Format</DynamicProperty>
    <DynamicProperty>Scale</DynamicProperty>
    <DynamicProperty>Sheet</DynamicProperty>
    <DynamicProperty>Document Type</DynamicProperty>
    <DynamicProperty>Source File</DynamicProperty>
    <DynamicProperty>Designer</DynamicProperty>
    <DynamicProperty Hidden="True">Checked By</DynamicProperty>
    <DynamicProperty Hidden="True">Checked Date</DynamicProperty>
    <DynamicProperty Hidden="True">Eng Approved By</DynamicProperty>
    <DynamicProperty Hidden="True">Eng Approval Date</DynamicProperty>
    <DynamicProperty Hidden="True">Change Descr</DynamicProperty>
    <DynamicProperty Hidden="True">Document Check Required</DynamicProperty>
    <DynamicProperty Hidden="True">Customer Approval Required</DynamicProperty>
  </DynamicPropertiesCategory>
  <DynamicPropertiesCategory Category="Factory Layout">
    <DynamicProperty>Title</DynamicProperty>
    <DynamicProperty>Description</DynamicProperty>
    <DynamicProperty>Part Number</DynamicProperty>
    <DynamicProperty>Project</DynamicProperty>
    <DynamicProperty>Project Type</DynamicProperty>
  </DynamicPropertiesCategory>
</DynamicsProperties>